ID,Description,poi_Cat,poi_Qty,bg_Cat,bg_Qty,pvalue,p.adjust,qvalue,geneID,Count,Cat,foldEnrichment
GO:0002181,cytoplasmic translation,6,44,78,15490,8.12829399951751e-8,8.900481929471674e-5,7.845942734271112e-5,Eef2/Eif4a1/Aars/Etf1/Drg2/Eif3i,6,BP,27.08041958041958
GO:0043021,ribonucleoprotein complex binding,6,44,135,15381,2.195038100995806e-6,3.907167819772535e-4,2.911313691847069e-4,Gcn1/Eef2/Dhx33/Maip1/Xpo5/Derl1,6,MF,15.536363636363637
GO:0045182,translation regulator activity,5,44,118,15381,2.086977381401751e-5,0.0018574098694475584,0.0013839955266137928,Eef2/Eif4a1/Aars/Etf1/Eif3i,5,MF,14.812211093990754
GO:0016874,ligase activity,5,44,153,15381,7.245134863593847e-5,0.0032240850142992617,0.0024023341916126965,Wars/Uba1/Asns/Aars/Sucla2,5,MF,11.42379679144385
mmu01200,Carbon metabolism,5,30,110,6715,1.1069181231436425e-4,0.008523269548206048,0.008039721104938035,18655/14381/107272/18648/20916,5,KEGG,10.174242424242424
